Size,Constant,B1,B2,B3,Train Time,CB1,CB2,CB3,Test Time
999,0.016004,1.03959,-2.02263,2.98134,0.504,0.56082,0.5849,0.545615,2.136
9950,-0.005813,0.991309,-1.98922,2.99754,1.269,0.17347,0.174403,0.173321,2.366
100390,-6.37E-04,0.99996,-2.003107,2.99907,5.448,0.054709,0.05471,0.054441,13.381
999682,-7.56E-04,0.99947,-2.000925,3.000357,49.38,0.017268,0.017296,0.017296,127.182
10000000,3.21E-04,1.000001351,-1.9998508,3.00011848,489.071,0.00546377,0.0054643,0.0054647,1272.585