Size,Constant,B1,B2,B3,Train Time,CB1,CB2,CB3,Test Time
999,0.016004,1.03959,-2.02263,2.98134,0.504,0.56082,0.5849,0.545615,0.636
3000,0.034517,1.0074502,-2.02601129,3.0079779,0.803,0.318117,0.3086491,0.314224,0.83
8112,-0.0147787,1.0077242,-2.01339,3.0003823,1.03,0.193247,0.19452,0.1919141,1.534
9950,-0.005813,0.991309,-1.98922,2.99754,1.269,0.17347,0.174403,0.173321,2.366
29967,-0.00570925,1.0055757,-2.0030199,2.99601646,2.022,0.099917,0.0999518,0.10002,4.495
100390,-6.37E-04,0.99996,-2.003107,2.99907,5.448,0.054709,0.05471,0.054441,13.381
999682,-7.56E-04,0.99947,-2.000925,3.000357,49.38,0.017268,0.017296,0.017296,127.182
10000000,3.21E-04,1.000001351,-1.9998508,3.00011848,489.071,0.00546377,0.0054643,0.0054647,1272.585